{"$schema":"http://schema.management.azure.com/schemas/2015-01-01/deploymentTemplate.json#","contentVersion":"1.0.0.0","parameters":{"ADLSG2_LS azure_fabric":{"type":"string"},"trendytech-hospital-a-LS azure_fabric":{"type":"string"}},"variables":{},"resources":[{"name":"Data_engineering_parquet_bronze","type":"pipelines","apiVersion":"2018-06-01","properties":{"activities":[{"name":"Lookup_configs","type":"Lookup","dependsOn":[],"policy":{"timeout":"0.12:00:00","retry":0,"retryIntervalInSeconds":30,"secureOutput":false,"secureInput":false},"typeProperties":{"source":{"type":"DelimitedTextSource","storeSettings":{"type":"AzureBlobFSReadSettings","recursive":true,"enablePartitionDiscovery":false},"formatSettings":{"type":"DelimitedTextReadSettings"}},"firstRowOnly":false,"datasetSettings":{"annotations":[],"type":"DelimitedText","typeProperties":{"location":{"type":"AzureBlobFSLocation","fileName":"load_config.csv","fileSystem":"project"},"columnDelimiter":",","escapeChar":"\\","firstRowAsHeader":true,"quoteChar":"\""},"schema":[],"externalReferences":{"connection":"[parameters('ADLSG2_LS azure_fabric')]"}}}},{"name":"ForEach1","type":"ForEach","dependsOn":[{"activity":"Lookup_configs","dependencyConditions":["Succeeded"]}],"typeProperties":{"items":{"value":"@activity('Lookup_configs').output.value","type":"Expression"},"isSequential":true,"activities":[{"name":"If Condition1","type":"IfCondition","dependsOn":[{"activity":"DS_If_file_exists","dependencyConditions":["Succeeded"]}],"typeProperties":{"expression":{"value":"@equals(item().loadtype,'Full' )\n","type":"Expression"},"ifFalseActivities":[{"name":"incremental load","type":"Copy","dependsOn":[{"activity":"Set variable1","dependencyConditions":["Succeeded"]}],"policy":{"timeout":"0.12:00:00","retry":0,"retryIntervalInSeconds":30,"secureOutput":false,"secureInput":false},"typeProperties":{"source":{"type":"AzureSqlSource","sqlReaderQuery":{"value":"@concat('select * from ', item().source_tablename, ' where ', item().watermark, ' >= ''',formatDateTime(variables('last_fetched_date'), 'yyyy-MM-dd'),'''')","type":"Expression"},"queryTimeout":"02:00:00","partitionOption":"None","datasetSettings":{"annotations":[],"type":"AzureSqlTable","schema":[],"typeProperties":{"schema":{"value":"@split(item().source_tablename,'.')[0]","type":"Expression"},"table":{"value":"@split(item().source_tablename,'.')[1]","type":"Expression"},"database":{"value":"@item().database","type":"Expression"}},"externalReferences":{"connection":"[parameters('trendytech-hospital-a-LS azure_fabric')]"}}},"sink":{"type":"ParquetSink","storeSettings":{"type":"AzureBlobFSWriteSettings"},"formatSettings":{"type":"ParquetWriteSettings","enableVertiParquet":true},"datasetSettings":{"annotations":[],"type":"Parquet","typeProperties":{"location":{"type":"AzureBlobFSLocation","fileName":{"value":"@split(item().tablename,'.')[1]","type":"Expression"},"folderPath":{"value":"@item().datasource","type":"Expression"},"fileSystem":"project"},"compressionCodec":"snappy"},"schema":[],"externalReferences":{"connection":"[parameters('ADLSG2_LS azure_fabric')]"}}},"enableStaging":false,"translator":{"type":"TabularTranslator","typeConversion":true,"typeConversionSettings":{"allowDataTruncation":true,"treatBooleanAsNumber":false}}}},{"name":"DS_job_query_bronze_logs","type":"TridentNotebook","dependsOn":[],"policy":{"timeout":"0.12:00:00","retry":0,"retryIntervalInSeconds":30,"secureOutput":false,"secureInput":false},"typeProperties":{"notebookId":"a857cce0-19ef-406e-9600-80e25b67e77c","workspaceId":"820d6519-5b80-4bc9-9581-2cde611b7b69","parameters":{"datasource":{"value":{"value":"@item().datasource","type":"Expression"},"type":"string"},"tablename":{"value":{"value":"@item().tablename","type":"Expression"},"type":"string"}}}},{"name":"Set variable1","type":"SetVariable","dependsOn":[{"activity":"Lookup1","dependencyConditions":["Succeeded"]}],"policy":{"secureOutput":false,"secureInput":false},"typeProperties":{"variableName":"last_fetched_date","value":{"value":"@activity('Lookup1').output.firstRow.last_fetched_date","type":"Expression"}}},{"name":"Lookup1","type":"Lookup","dependsOn":[{"activity":"DS_job_query_bronze_logs","dependencyConditions":["Succeeded"]}],"policy":{"timeout":"0.12:00:00","retry":0,"retryIntervalInSeconds":30,"secureOutput":false,"secureInput":false},"typeProperties":{"source":{"type":"JsonSource","storeSettings":{"type":"AzureBlobFSReadSettings","recursive":true,"enablePartitionDiscovery":false},"formatSettings":{"type":"JsonReadSettings"}},"datasetSettings":{"annotations":[],"type":"Json","typeProperties":{"location":{"type":"AzureBlobFSLocation","fileName":"result_dict.json","fileSystem":"project"}},"schema":{},"externalReferences":{"connection":"[parameters('ADLSG2_LS azure_fabric')]"}}}},{"name":"Notebook_audit_logs_incremental","type":"TridentNotebook","dependsOn":[{"activity":"incremental load","dependencyConditions":["Succeeded"]}],"policy":{"timeout":"0.12:00:00","retry":0,"retryIntervalInSeconds":30,"secureOutput":false,"secureInput":false},"typeProperties":{"notebookId":"03599ed2-dfa3-499d-bb58-90328f824a23","workspaceId":"820d6519-5b80-4bc9-9581-2cde611b7b69","parameters":{"data_source":{"value":{"value":"@item().datasource","type":"Expression"},"type":"string"},"source_tablename":{"value":{"value":"@item().tablename","type":"Expression"},"type":"string"},"rows_copied":{"value":{"value":"@activity('incremental load').output.rowscopied","type":"Expression"},"type":"int"},"watermark":{"value":{"value":"@item().watermark","type":"Expression"},"type":"string"}}}}],"ifTrueActivities":[{"name":"Full_load_bronze","type":"Copy","dependsOn":[],"policy":{"timeout":"0.12:00:00","retry":0,"retryIntervalInSeconds":30,"secureOutput":false,"secureInput":false},"typeProperties":{"source":{"type":"AzureSqlSource","queryTimeout":"02:00:00","partitionOption":"None","datasetSettings":{"annotations":[],"type":"AzureSqlTable","schema":[],"typeProperties":{"schema":{"value":"@split(item().source_tablename,'.')[0]","type":"Expression"},"table":{"value":"@split(item().source_tablename,'.')[1]","type":"Expression"},"database":{"value":"@item().database","type":"Expression"}},"externalReferences":{"connection":"[parameters('trendytech-hospital-a-LS azure_fabric')]"}}},"sink":{"type":"ParquetSink","storeSettings":{"type":"AzureBlobFSWriteSettings"},"formatSettings":{"type":"ParquetWriteSettings","enableVertiParquet":true},"datasetSettings":{"annotations":[],"type":"Parquet","typeProperties":{"location":{"type":"AzureBlobFSLocation","fileName":{"value":"@split(item().tablename,'.')[1]","type":"Expression"},"folderPath":{"value":"@concat('bronze/', item().datasource)","type":"Expression"},"fileSystem":"project"},"compressionCodec":"snappy"},"schema":[],"externalReferences":{"connection":"[parameters('ADLSG2_LS azure_fabric')]"}}},"enableStaging":false,"translator":{"type":"TabularTranslator","typeConversion":true,"typeConversionSettings":{"allowDataTruncation":true,"treatBooleanAsNumber":false}}}},{"name":"Notebook_audit_logs","type":"TridentNotebook","dependsOn":[{"activity":"Full_load_bronze","dependencyConditions":["Succeeded"]}],"policy":{"timeout":"0.12:00:00","retry":0,"retryIntervalInSeconds":30,"secureOutput":false,"secureInput":false},"typeProperties":{"notebookId":"03599ed2-dfa3-499d-bb58-90328f824a23","workspaceId":"820d6519-5b80-4bc9-9581-2cde611b7b69","parameters":{"data_source":{"value":{"value":"@item().datasource","type":"Expression"},"type":"string"},"source_tablename":{"value":{"value":"@item().tablename","type":"Expression"},"type":"string"},"rows_copied":{"value":{"value":"@activity('Full_load_bronze').output.rowscopied","type":"Expression"},"type":"int"},"watermark":{"value":{"value":"@item().watermark","type":"Expression"},"type":"string"}}}}]}},{"name":"DS_Get_childtems_exists_move_archive","type":"GetMetadata","dependsOn":[],"policy":{"timeout":"0.12:00:00","retry":0,"retryIntervalInSeconds":30,"secureOutput":false,"secureInput":false},"typeProperties":{"fieldList":["exists"],"datasetSettings":{"annotations":[],"type":"Parquet","typeProperties":{"location":{"type":"AzureBlobFSLocation","fileName":{"value":"@concat(item().datasource, '/', split(item().tablename, '.')[1])","type":"Expression"},"folderPath":{"value":"bronze","type":"Expression"},"fileSystem":"project"},"compressionCodec":"snappy"},"schema":[],"externalReferences":{"connection":"[parameters('ADLSG2_LS azure_fabric')]"}},"storeSettings":{"type":"AzureBlobFSReadSettings","enablePartitionDiscovery":false},"formatSettings":{"type":"ParquetReadSettings"}}},{"name":"DS_If_file_exists","type":"IfCondition","dependsOn":[{"activity":"DS_Get_childtems_exists_move_archive","dependencyConditions":["Succeeded"]}],"typeProperties":{"expression":{"value":"@equals(activity('DS_Get_childtems_exists_move_archive').output.exists, true)","type":"Expression"},"ifFalseActivities":[{"name":"Wait1","type":"Wait","dependsOn":[],"typeProperties":{"waitTimeInSeconds":5}}],"ifTrueActivities":[{"name":"DS_copy_data_toarchive","type":"Copy","dependsOn":[],"policy":{"timeout":"0.12:00:00","retry":0,"retryIntervalInSeconds":30,"secureOutput":false,"secureInput":false},"typeProperties":{"source":{"type":"ParquetSource","storeSettings":{"type":"AzureBlobFSReadSettings","recursive":true,"enablePartitionDiscovery":false},"formatSettings":{"type":"ParquetReadSettings"},"datasetSettings":{"annotations":[],"type":"Parquet","typeProperties":{"location":{"type":"AzureBlobFSLocation","fileName":{"value":"@concat(item().datasource,'/',split(item().tablename,'.')[1])","type":"Expression"},"folderPath":"bronze","fileSystem":"project"},"compressionCodec":"snappy"},"schema":[],"externalReferences":{"connection":"[parameters('ADLSG2_LS azure_fabric')]"}}},"sink":{"type":"ParquetSink","storeSettings":{"type":"AzureBlobFSWriteSettings"},"formatSettings":{"type":"ParquetWriteSettings","enableVertiParquet":true},"datasetSettings":{"annotations":[],"type":"Parquet","typeProperties":{"location":{"type":"AzureBlobFSLocation","fileName":{"value":"@concat(item().datasource,'/Archive/',formatDateTime(utcNow(),'yyyy'),'/',formatDateTime(utcNow(),'MMMM'),'/',formatDateTime(utcNow(),'%d'),'/',item().tablename)","type":"Expression"},"folderPath":"bronze","fileSystem":"project"},"compressionCodec":"snappy"},"schema":[],"externalReferences":{"connection":"[parameters('ADLSG2_LS azure_fabric')]"}}},"enableStaging":false,"translator":{"type":"TabularTranslator","typeConversion":true,"typeConversionSettings":{"allowDataTruncation":true,"treatBooleanAsNumber":false}}}}]}}]}},{"name":"Copy_data_cptcode_to_bronze","type":"Copy","dependsOn":[{"activity":"ForEach2","dependencyConditions":["Succeeded"]}],"policy":{"timeout":"0.12:00:00","retry":0,"retryIntervalInSeconds":30,"secureOutput":false,"secureInput":false},"typeProperties":{"source":{"type":"DelimitedTextSource","storeSettings":{"type":"AzureBlobFSReadSettings","recursive":true,"enablePartitionDiscovery":false},"formatSettings":{"type":"DelimitedTextReadSettings"},"datasetSettings":{"annotations":[],"type":"DelimitedText","typeProperties":{"location":{"type":"AzureBlobFSLocation","fileName":"cptcodes.csv","folderPath":"landing/cptcodes","fileSystem":"project"},"columnDelimiter":",","escapeChar":"\\","firstRowAsHeader":true,"quoteChar":"\""},"schema":[],"externalReferences":{"connection":"[parameters('ADLSG2_LS azure_fabric')]"}}},"sink":{"type":"ParquetSink","storeSettings":{"type":"AzureBlobFSWriteSettings"},"formatSettings":{"type":"ParquetWriteSettings","enableVertiParquet":true},"datasetSettings":{"annotations":[],"type":"Parquet","typeProperties":{"location":{"type":"AzureBlobFSLocation","fileName":"cptcode","folderPath":"bronze","fileSystem":"project"},"compressionCodec":"snappy"},"schema":[],"externalReferences":{"connection":"[parameters('ADLSG2_LS azure_fabric')]"}}},"enableStaging":false,"translator":{"type":"TabularTranslator","typeConversion":true,"typeConversionSettings":{"allowDataTruncation":true,"treatBooleanAsNumber":false}}}},{"name":"Get Metadata1","type":"GetMetadata","dependsOn":[{"activity":"ForEach1","dependencyConditions":["Succeeded"]}],"policy":{"timeout":"0.12:00:00","retry":0,"retryIntervalInSeconds":30,"secureOutput":false,"secureInput":false},"typeProperties":{"fieldList":["childItems"],"datasetSettings":{"annotations":[],"type":"DelimitedText","typeProperties":{"location":{"type":"AzureBlobFSLocation","folderPath":"landing/claims","fileSystem":"project"},"columnDelimiter":",","escapeChar":"\\","firstRowAsHeader":true,"quoteChar":"\""},"schema":[],"externalReferences":{"connection":"[parameters('ADLSG2_LS azure_fabric')]"}},"storeSettings":{"type":"AzureBlobFSReadSettings","enablePartitionDiscovery":false},"formatSettings":{"type":"DelimitedTextReadSettings"}}},{"name":"ForEach2","type":"ForEach","dependsOn":[{"activity":"Get Metadata1","dependencyConditions":["Succeeded"]}],"typeProperties":{"items":{"value":"@activity('Get Metadata1').output.childItems","type":"Expression"},"activities":[{"name":"Copy_data_claims_bronze_copy1","type":"Copy","dependsOn":[],"policy":{"timeout":"0.12:00:00","retry":0,"retryIntervalInSeconds":30,"secureOutput":false,"secureInput":false},"typeProperties":{"source":{"type":"DelimitedTextSource","storeSettings":{"type":"AzureBlobFSReadSettings","recursive":true,"enablePartitionDiscovery":false},"formatSettings":{"type":"DelimitedTextReadSettings"},"datasetSettings":{"annotations":[],"type":"DelimitedText","typeProperties":{"location":{"type":"AzureBlobFSLocation","fileName":{"value":"@item().name","type":"Expression"},"folderPath":"landing/claims","fileSystem":"project"},"columnDelimiter":",","escapeChar":"\\","firstRowAsHeader":true,"quoteChar":"\""},"schema":[],"externalReferences":{"connection":"[parameters('ADLSG2_LS azure_fabric')]"}}},"sink":{"type":"ParquetSink","storeSettings":{"type":"AzureBlobFSWriteSettings"},"formatSettings":{"type":"ParquetWriteSettings","enableVertiParquet":true},"datasetSettings":{"annotations":[],"type":"Parquet","typeProperties":{"location":{"type":"AzureBlobFSLocation","fileName":{"value":"@split(item().name, '.')[0]\n\n","type":"Expression"},"folderPath":"bronze","fileSystem":"project"},"compressionCodec":"snappy"},"schema":[],"externalReferences":{"connection":"[parameters('ADLSG2_LS azure_fabric')]"}}},"enableStaging":false,"translator":{"type":"TabularTranslator","typeConversion":true,"typeConversionSettings":{"allowDataTruncation":true,"treatBooleanAsNumber":false}}}}]}}],"variables":{"filenames":{"type":"Array"},"last_fetched_date":{"type":"String"}},"lastModifiedByObjectId":"f0909cd0-a018-4598-9c21-3b904e9c2b2e","lastPublishTime":"2025-03-21T07:42:09Z"},"dependsOn":[]}]}